{
  "train_loss": [
    3.7514784995545734,
    3.7246870385839586,
    3.6871791900472437,
    3.6726165883084563,
    3.667960192294831,
    3.6818776942313987,
    3.647093067777918,
    3.6567550415688372,
    3.6333760454299604,
    3.6397327768041734,
    3.612758702420174,
    3.5992156089620386,
    3.582886330624844,
    3.6171619638483574,
    3.604356309200855,
    3.568141237218329,
    3.534471658950156,
    3.536073020164003,
    3.542047033918665,
    3.531523902365502,
    3.516691801395822,
    3.4850440532603164,
    3.5472904418377165,
    3.5105574486103466,
    3.4515547498743584,
    3.470558668704743,
    3.4409706998378673,
    3.481184223864941,
    3.439151251569707,
    3.4564710119937327,
    3.4827172654740353,
    3.441728394082252,
    3.453461418760584,
    3.431176520408468,
    3.3947543489172105,
    3.389640838541883,
    3.404637595440479,
    3.3958064343066927,
    3.351021771735333,
    3.4044595221255687,
    3.35648512840271,
    3.3077925925559186,
    3.3635876888924456,
    3.3744149208068848,
    3.31675249972242,
    3.3085162030889634,
    3.323615104594129,
    3.2865885622957918,
    3.3114058464131455,
    3.3109357204843075,
    3.3127295514370534,
    3.3216040032975216,
    3.30663048967402,
    3.287139157031445,
    3.2771046668925186,
    3.2670948657583683,
    3.2910010307393174,
    3.2521960025138044,
    3.24171669939731,
    3.2200109552829823,
    3.233723188968415,
    3.208276738511755,
    3.247027848629241,
    3.2351277838362025,
    3.14848514820667,
    3.237185615174314,
    3.2216635460549212,
    3.1694836616516113,
    3.181959441367616,
    3.128145846914738,
    3.176840843038356,
    3.157156188437279,
    3.161834016759345,
    3.099826767089519,
    3.137399252424849,
    3.1205747939170676,
    3.1374407575485552,
    3.084197739337353,
    3.1403305226183953,
    3.085508493666953,
    3.0948788409537458,
    3.100221009964639,
    3.11449230478165,
    3.0603926181793213,
    3.0968103104449334,
    3.048972373313092,
    3.129509073622683,
    3.103565829865476,
    3.1059457647039537,
    3.047413668733962,
    3.0604545765734734,
    3.063589958434409,
    3.131771894211465,
    3.057604023750792,
    3.1031518743393267,
    3.070730265150679
  ],
  "train_acc": [
    0.03182125930941097,
    0.034529451591062965,
    0.037237643872714964,
    0.03588354773188896,
    0.043331076506431955,
    0.04197698036560596,
    0.04197698036560596,
    0.04874746106973595,
    0.052132701421800945,
    0.052809749492213946,
    0.06973595125253892,
    0.052132701421800945,
    0.052132701421800945,
    0.06431956668923494,
    0.06635071090047394,
    0.05890318212593094,
    0.07853757616790792,
    0.08124576844955991,
    0.07379823967501693,
    0.07244414353419093,
    0.07582938388625593,
    0.07921462423832092,
    0.08259986459038592,
    0.08666215301286391,
    0.1069735951252539,
    0.1002031144211239,
    0.08598510494245092,
    0.08192281651997292,
    0.09681787406905891,
    0.08801624915368991,
    0.08124576844955991,
    0.08530805687203792,
    0.0907244414353419,
    0.0961408259986459,
    0.11780636425186188,
    0.0988490182802979,
    0.10629654705484089,
    0.09207853757616791,
    0.1069735951252539,
    0.10629654705484089,
    0.1103588354773189,
    0.11306702775897089,
    0.10426540284360189,
    0.11645226811103589,
    0.12389979688557888,
    0.12525389302640488,
    0.12660798916723087,
    0.12322274881516587,
    0.10629654705484089,
    0.12254570074475288,
    0.12863913337846988,
    0.12254570074475288,
    0.11780636425186188,
    0.14082599864590387,
    0.13202437373053486,
    0.15165876777251186,
    0.14353419092755584,
    0.13676371022342587,
    0.14218009478672985,
    0.14827352742044686,
    0.14488828706838186,
    0.13947190250507785,
    0.12796208530805686,
    0.13811780636425186,
    0.16113744075829384,
    0.14421123899796887,
    0.13337846987136087,
    0.15707515233581584,
    0.15436696005416384,
    0.16790792146242384,
    0.14556533513879485,
    0.14556533513879485,
    0.14353419092755584,
    0.16790792146242384,
    0.16046039268788084,
    0.16249153689911983,
    0.15030467163168584,
    0.17603249830737983,
    0.15978334461746785,
    0.17874069058903183,
    0.17400135409614081,
    0.17197020988490183,
    0.1814488828706838,
    0.18618821936357483,
    0.18009478672985782,
    0.1895734597156398,
    0.16993906567366282,
    0.17332430602572782,
    0.17197020988490183,
    0.1848341232227488,
    0.17467840216655384,
    0.17332430602572782,
    0.16926201760324983,
    0.18348002708192282,
    0.1916046039268788,
    0.17467840216655384
  ],
  "train_balanced_acc": [
    0.02795685622652868,
    0.03225212184854862,
    0.03432427647052995,
    0.03371796282205607,
    0.03923857953270435,
    0.03970713029041253,
    0.04079341731174422,
    0.04708671520510281,
    0.05037050895080907,
    0.053388171720104544,
    0.06777460911642409,
    0.05376383500767945,
    0.05241024153192113,
    0.05613660202204623,
    0.06399037822472949,
    0.055364317766539724,
    0.08133403477937796,
    0.07566599885295125,
    0.07363694257263212,
    0.0685469957721916,
    0.07281257624418451,
    0.07797195289792833,
    0.08094489570233843,
    0.08104135381645418,
    0.09842378785066312,
    0.09707690776067349,
    0.08101878410434629,
    0.08349358293020356,
    0.09125805086896709,
    0.08537192177239712,
    0.07568091656289463,
    0.08068118003624804,
    0.09487460875471275,
    0.09641091623489037,
    0.11035575113878486,
    0.09972907116518033,
    0.10319012021680356,
    0.09610657342606238,
    0.10932172000924836,
    0.10559900611477281,
    0.11332229534285444,
    0.11516203824277088,
    0.09854622664695624,
    0.11589139182165464,
    0.12189446112038368,
    0.12126814544895599,
    0.12052403936469454,
    0.1235825370357538,
    0.11005896552856094,
    0.11860708592661241,
    0.12976408123623445,
    0.1250015566777432,
    0.12468117836036866,
    0.1392788635645499,
    0.13181717966462506,
    0.15403945075973266,
    0.1349831689598283,
    0.13525076966618152,
    0.1362259508562598,
    0.14470092539446086,
    0.14584355913166142,
    0.14426687200303637,
    0.1362890054499234,
    0.14196550082305517,
    0.16300682318685128,
    0.13629503353298436,
    0.13106803526450422,
    0.15604471759253855,
    0.15023004389523148,
    0.1644993794453272,
    0.14269430078549922,
    0.14706614623886963,
    0.14185274345068832,
    0.1699109530154469,
    0.16859537454479356,
    0.16397619532952792,
    0.15655343970211613,
    0.17223967391428655,
    0.1648474896686709,
    0.18000193125061723,
    0.17145468589453602,
    0.17415542710526688,
    0.18150023096194234,
    0.18209102580258185,
    0.17544842418995696,
    0.19086301986854481,
    0.16849100514154458,
    0.17674381944096437,
    0.17165089990833207,
    0.18974527967557367,
    0.17577644435202242,
    0.17513975251847722,
    0.1707372727046303,
    0.1830964746717538,
    0.19242982764050065,
    0.17780835882634252
  ],