{
  "train_loss": [
    3.7607911393997515,
    3.7362989415513708,
    3.7041994815177106,
    3.6809775474223683,
    3.6449847018465085,
    3.6391243985358703,
    3.611869791720776,
    3.6157674180700425,
    3.5773562827008836,
    3.5509764691616628,
    3.552359920866946,
    3.526223273987466,
    3.526614797876236,
    3.5046626304058317,
    3.4927489554628415,
    3.462021787115868,
    3.4515061226296933,
    3.452076749598726,
    3.4249789714813232,
    3.4145014032404473,
    3.3996801883616348,
    3.399825943277237,
    3.3773727061900685,
    3.360195961404354,
    3.3600949327996434,
    3.3655302169475148,
    3.3292077805133578,
    3.29458579611271,
    3.295485516811939,
    3.2910085333154555,
    3.2795050702196487,
    3.2714939726159926,
    3.272152789095615,
    3.246914173694367,
    3.228767674019996,
    3.223875197958439,
    3.2008281565727073,
    3.2193091017134647,
    3.1956815871786564,
    3.1628662778976118,
    3.1425070864088993,
    3.1214320152363877,
    3.123158054148897,
    3.0995414459958988,
    3.1253479947435094,
    3.0640354765222426,
    3.055429367308921,
    3.0643792862587786,
    3.0453443425766964,
    3.0767752870600273
  ],
  "train_acc": [
    0.03588354773188896,
    0.04468517264725796,
    0.055517941773865945,
    0.05348679756262695,
    0.06499661475964794,
    0.06770480704129993,
    0.06567366283006093,
    0.06567366283006093,
    0.07853757616790792,
    0.08192281651997292,
    0.08327691266079891,
    0.0947867298578199,
    0.0907244414353419,
    0.0947867298578199,
    0.1002031144211239,
    0.0981719702098849,
    0.10561949898442789,
    0.1035883547731889,
    0.11577522004062288,
    0.11780636425186188,
    0.12593094109681788,
    0.12796208530805686,
    0.12389979688557888,
    0.13134732566012186,
    0.12525389302640488,
    0.12322274881516587,
    0.13473256601218686,
    0.13540961408259986,
    0.14624238320920785,
    0.14556533513879485,
    0.13405551794177387,
    0.14691943127962084,
    0.14691943127962084,
    0.14962762356127285,
    0.15639810426540285,
    0.16587677725118483,
    0.16181448882870683,
    0.15504400812457683,
    0.16723087339201084,
    0.1780636425186188,
    0.1855111712931618,
    0.17467840216655384,
    0.18415707515233581,
    0.18686526743398782,
    0.18754231550440081,
    0.1922816519972918,
    0.18348002708192282,
    0.1976980365605958,
    0.1916046039268788,
    0.19025050778605282
  ],
  "val_loss": [
    3.7392245292663575,
    3.727250909805298,
    3.707436776161194,
    3.7108682870864866,
    3.72061505317688,
    3.7047287464141845,
    3.7176327466964723,
    3.673825764656067,
    3.6938692808151243,
    3.7004799365997316,
    3.676084065437317,
    3.6518363475799562,
    3.6469892978668215,
    3.687148833274841,
    3.627271223068237,
    3.6970194578170776,
    3.724567747116089,
    3.626839542388916,
    3.620399594306946,
    3.6679033041000366,
    3.6195038318634034,
    3.617152380943298,
    3.585566997528076,
    3.624045491218567,
    3.669247841835022,
    3.6395765781402587,
    3.5851579666137696,
    3.5930426359176635,
    3.5595478773117066,
    3.553496074676514,
    3.575591516494751,
    3.556580591201782,
    3.50414457321167,
    3.5572654724121096,
    3.5319462060928344,
    3.5697509050369263,
    3.508563995361328,
    3.532729148864746,
    3.563310074806213,
    3.525539493560791,
    3.527573037147522,
    3.515708303451538,
    3.5045027256011965,
    3.539579224586487,
    3.57557852268219,
    3.5218595027923585,
    3.504760670661926,
    3.533321475982666,
    3.5167675495147703,
    3.493599796295166
  ],
  "val_acc": [
    0.05362776025236593,
    0.05993690851735016,
    0.0694006309148265,
    0.0694006309148265,
    0.05362776025236593,
    0.07886435331230283,
    0.056782334384858045,
    0.0946372239747634,
    0.08201892744479496,
    0.10094637223974763,
    0.10410094637223975,
    0.0914826498422713,
    0.0946372239747634,
    0.08832807570977919,
    0.11041009463722397,
    0.11041009463722397,
    0.10410094637223975,
    0.11356466876971609,
    0.11356466876971609,
    0.11356466876971609,
    0.12618296529968454,
    0.138801261829653,
    0.12933753943217666,
    0.11987381703470032,
    0.11987381703470032,
    0.12933753943217666,
    0.138801261829653,
    0.13564668769716087,
    0.14195583596214512,
    0.14195583596214512,
    0.1167192429022082,
    0.13249211356466878,
    0.14511041009463724,
    0.13249211356466878,
    0.13564668769716087,
    0.12933753943217666,
    0.15141955835962145,
    0.138801261829653,
    0.12933753943217666,
    0.14511041009463724,
    0.14826498422712933,
    0.15457413249211358,
    0.14826498422712933,
    0.17350157728706625,
    0.138801261829653,
    0.15141955835962145,
    0.15141955835962145,
    0.15772870662460567,
    0.15141955835962145,
    0.15141955835962145
  ]
}