{
  "train_loss": [
    3.2170453389485676,
    3.1580498695373533,
    3.131107044219971,
    3.082604932785034,
    3.0484491030375165,
    3.004583152135213,
    3.0307577292124432,
    3.0487861156463625,
    2.985760529836019,
    2.9982370376586913,
    2.961454184850057,
    2.9394234975179034,
    2.9985239346822103,
    2.8843069553375242,
    2.9877241611480714,
    2.893309815724691,
    2.8743577162424723,
    2.8641512552897135,
    2.83477520942688,
    2.8308293342590334,
    2.84570213953654,
    2.8174654165903728,
    2.7776171525319415,
    2.7631962299346924,
    2.786819648742676,
    2.761551507314046,
    2.8126420974731445,
    2.679740063349406,
    2.778345012664795,
    2.7807907422383624,
    2.8415085951487224,
    2.712037944793701,
    2.662786849339803,
    2.7980459213256834,
    2.772610600789388,
    2.6342830340067547,
    2.6617300510406494,
    2.768386729558309,
    2.696686124801636,
    2.708749945958455,
    2.681807502110799,
    2.7278093338012694,
    2.731217400232951,
    2.699806229273478,
    2.7185426553090415,
    2.6199350357055664,
    2.7220255374908446,
    2.61038924853007,
    2.6214026769002277,
    2.6524085362752277,
    2.6268994649251303,
    2.7122750600179035,
    2.584853251775106
  ],
  "train_acc": [
    0.06465517241379311,
    0.06896551724137931,
    0.06465517241379311,
    0.0625,
    0.05818965517241379,
    0.07974137931034483,
    0.07543103448275862,
    0.09051724137931035,
    0.09913793103448276,
    0.09482758620689655,
    0.11422413793103449,
    0.12931034482758622,
    0.10560344827586207,
    0.125,
    0.09698275862068965,
    0.1271551724137931,
    0.11206896551724138,
    0.12931034482758622,
    0.13577586206896552,
    0.1400862068965517,
    0.1336206896551724,
    0.13577586206896552,
    0.1724137931034483,
    0.17025862068965517,
    0.16163793103448276,
    0.1400862068965517,
    0.18318965517241378,
    0.20905172413793102,
    0.15301724137931033,
    0.1724137931034483,
    0.15301724137931033,
    0.20043103448275862,
    0.19827586206896552,
    0.16379310344827586,
    0.14655172413793102,
    0.1896551724137931,
    0.19181034482758622,
    0.15948275862068967,
    0.1810344827586207,
    0.1875,
    0.1853448275862069,
    0.14655172413793102,
    0.16810344827586207,
    0.1788793103448276,
    0.14439655172413793,
    0.20689655172413793,
    0.1724137931034483,
    0.20043103448275862,
    0.1875,
    0.1810344827586207,
    0.20905172413793102,
    0.16594827586206898,
    0.20689655172413793
  ],
  "train_balanced_acc": [
    0.056495383701266055,
    0.05446103042256888,
    0.06320444261620732,
    0.0647655470604387,
    0.06314937622510854,
    0.0803040951335188,
    0.07097474395718284,
    0.09965849880917652,
    0.09577516169438936,
    0.08911677335260332,
    0.11466229891683156,
    0.11917469607686998,
    0.10901585911111988,
    0.11199503371498257,
    0.10595693119463014,
    0.12789879763802126,
    0.12360756354862093,
    0.13253593099416897,
    0.1259138173039775,
    0.1259702939419642,
    0.1281500128448289,
    0.1336442686402304,
    0.16046972194291176,
    0.14315320900691253,
    0.15479994307717265,
    0.13849939980238862,
    0.1851966605880818,
    0.18943203638317382,
    0.15356208843484626,
    0.17266172146500797,
    0.16349244795452225,
    0.19484746634514435,
    0.1894050767960446,
    0.16193022766333443,
    0.14069383879664793,
    0.18931627988805164,
    0.19817815294526883,
    0.1539508939104081,
    0.19740304712140658,
    0.16932351836916332,
    0.18689925197537,
    0.14640043180223555,
    0.16326995373048003,
    0.1811254979447199,
    0.14933115989617538,
    0.20261718364468612,
    0.17260429915228676,
    0.20185387870312851,
    0.1927335460676085,
    0.1782749346876287,
    0.19887000865954188,
    0.1725804990126723,
    0.20909612197975372
  ],
  "val_loss": [
    3.276716113090515,
    3.231793463230133,
    3.24959135055542,
    3.2704721689224243,
    3.298714280128479,
    3.185892879962921,
    3.2070553302764893,
    3.363285541534424,
    3.2328779101371765,
    3.144883692264557,
    3.13111275434494,
    3.2754955887794495,
    3.4201966524124146,
    3.3007693886756897,
    3.2788537740707397,
    3.232126235961914,
    3.148404359817505,
    3.1728484630584717,
    3.0930253863334656,
    3.297170579433441,
    3.1993592381477356,
    3.188091516494751,
    3.06889945268631,
    3.067819893360138,
    3.3579322695732117,
    3.191244125366211,
    3.2612167596817017,
    3.1607167720794678,
    3.0498382449150085,
    3.0054399371147156,
    3.1617565155029297,
    3.1036519706249237,
    3.0850316286087036,
    3.184368133544922,
    3.3255335092544556,
    3.1240373849868774,
    3.1737472116947174,
    2.999094992876053,
    3.1173300743103027,
    3.1817622780799866,
    3.2020877599716187,
    3.1650513410568237,
    3.3503589630126953,
    3.20820951461792,
    3.068456143140793,
    3.32708603143692,
    3.170282006263733,
    3.2880938351154327,
    3.241961717605591,
    3.257892370223999,
    3.408701717853546,
    3.2174656689167023,
    3.25282946228981
  ],
  "val_acc": [
    0.07,
    0.04,
    0.04,
    0.02,
    0.11,
    0.02,
    0.04,
    0.04,
    0.12,
    0.06,
    0.06,
    0.03,
    0.02,
    0.02,
    0.01,
    0.08,
    0.07,
    0.11,
    0.07,
    0.07,
    0.06,
    0.07,
    0.09,
    0.1,
    0.15,
    0.11,
    0.07,
    0.08,
    0.06,
    0.13,
    0.09,
    0.11,
    0.15,
    0.11,
    0.12,
    0.12,
    0.12,
    0.09,
    0.11,
    0.13,
    0.1,
    0.09,
    0.07,
    0.07,
    0.1,
    0.13,
    0.12,
    0.1,
    0.09,
    0.09,
    0.06,
    0.1,
    0.13
  ],
  "val_balanced_acc": [
    0.07291666666666667,
    0.041666666666666664,
    0.04583333333333334,
    0.029166666666666664,
    0.09851190476190476,
    0.029166666666666664,
    0.035416666666666666,
    0.03958333333333333,
    0.09821428571428571,
    0.053869047619047615,
    0.05416666666666667,
    0.01875,
    0.011904761904761904,
    0.01875,
    0.008333333333333333,
    0.06339285714285714,
    0.06190476190476191,
    0.0880952380952381,
    0.05461309523809524,
    0.055357142857142855,
    0.04494047619047619,
    0.05327380952380952,
    0.060714285714285714,
    0.06800595238095238,
    0.10699404761904763,
    0.09092261904761904,
    0.052976190476190475,
    0.056845238095238095,
    0.04732142857142857,
    0.09717261904761905,
    0.06041666666666667,
    0.08125,
    0.1169642857142857,
    0.07946428571428571,
    0.09389880952380952,
    0.10089285714285713,
    0.0988095238095238,
    0.07380952380952381,
    0.10059523809523808,
    0.09613095238095237,
    0.06934523809523808,
    0.08452380952380951,
    0.052976190476190475,
    0.05744047619047619,
    0.07857142857142857,
    0.09672619047619047,
    0.09642857142857143,
    0.07976190476190476,
    0.0693452380952381,
    0.07827380952380951,
    0.05148809523809524,
    0.09255952380952381,
    0.09479166666666666
  ],