{
  "mean": [
    0.10482381284236908,
    0.14303462207317352,
    0.1639125943183899,
    0.3578820526599884,
    0.39206427335739136,
    0.3236924409866333,
    -0.43944963812828064
  ],
  "std": [
    0.06007973477244377,
    0.06208188459277153,
    0.08267046511173248,
    0.06970763951539993,
    0.23470643162727356,
    0.1989118456840515,
    0.1754104048013687
  ]
}