{
  "mean": [
    0.05416619032621384,
    0.07688654214143753,
    0.05861562862992287,
    0.3237377405166626,
    0.7066765427589417,
    0.514121413230896,
    -0.6161766648292542
  ],
  "std": [
    0.07524515688419342,
    0.07350464910268784,
    0.08190733939409256,
    0.11325948685407639,
    0.2642766833305359,
    0.248137965798378,
    0.2262239158153534
  ]
}