{
  "train_loss": [
    3.239816125233968,
    3.1896117687225343,
    3.142852020263672,
    3.099333333969116,
    3.0507330735524496,
    3.034509229660034,
    2.9986970742543537,
    2.94724547068278,
    2.9313522656758626,
    2.907299105326335,
    2.870338042577108,
    2.8727051893870037,
    2.8196534474690753,
    2.8183130423227944,
    2.7925877888997395,
    2.7401147206624348,
    2.767142089207967,
    2.7626285394032797,
    2.745155700047811,
    2.726798423131307,
    2.719908857345581,
    2.689652172724406,
    2.6935768763224286,
    2.6730191071828204,
    2.675155512491862,
    2.6611196041107177
  ],
  "train_acc": [
    0.07543103448275862,
    0.1206896551724138,
    0.11637931034482758,
    0.1271551724137931,
    0.14224137931034483,
    0.1400862068965517,
    0.15301724137931033,
    0.1400862068965517,
    0.17456896551724138,
    0.1788793103448276,
    0.1788793103448276,
    0.1810344827586207,
    0.1961206896551724,
    0.17025862068965517,
    0.1896551724137931,
    0.1939655172413793,
    0.1853448275862069,
    0.1961206896551724,
    0.20474137931034483,
    0.21336206896551724,
    0.21551724137931033,
    0.2025862068965517,
    0.21982758620689655,
    0.20689655172413793,
    0.20689655172413793,
    0.22413793103448276
  ],
  "val_loss": [
    3.159815490245819,
    3.083999216556549,
    3.0521731972694397,
    3.0283196568489075,
    2.9897360801696777,
    2.970093846321106,
    2.982129752635956,
    2.9840723872184753,
    2.9874210357666016,
    2.9766032099723816,
    2.9997960329055786,
    3.0088406205177307,
    2.9398685693740845,
    2.9744476079940796,
    2.955155670642853,
    2.9926323890686035,
    2.976145088672638,
    2.9648258686065674,
    2.9849480390548706,
    2.9566686749458313,
    2.947761058807373,
    2.9432402849197388,
    2.949186682701111,
    2.947879672050476,
    2.945130169391632,
    2.939358174800873
  ],
  "val_acc": [
    0.09,
    0.09,
    0.09,
    0.11,
    0.1,
    0.09,
    0.12,
    0.11,
    0.12,
    0.13,
    0.11,
    0.13,
    0.13,
    0.15,
    0.14,
    0.17,
    0.15,
    0.17,
    0.16,
    0.14,
    0.16,
    0.17,
    0.15,
    0.17,
    0.16,
    0.17
  ]
}