{
  "area": "California",
  "accuracy": 0.13564668769716087,
  "kappa": 0.11346772135748906,
  "f1_macro": 0.11011139374725508,
  "f1_weighted": 0.15670350061204938,
  "per_class": {
    "class": [
      "1",
      "2",
      "4",
      "21",
      "23",
      "24",
      "28",
      "33",
      "36",
      "37",
      "44",
      "49",
      "51",
      "54",
      "57",
      "61",
      "66",
      "67",
      "69",
      "71",
      "72",
      "74",
      "75",
      "76",
      "111",
      "121",
      "122",
      "123",
      "124",
      "131",
      "152",
      "176",
      "190",
      "195",
      "204",
      "205",
      "208",
      "217",
      "220",
      "225",
      "226",
      "228",
      "236"
    ],
    "precision": [
      0.16666666666666666,
      0.022727272727272728,
      0.375,
      0.0,
      0.75,
      0.0,
      0.0,
      0.0,
      0.5,
      0.14285714285714285,
      0.45454545454545453,
      0.0,
      0.0,
      0.0,
      0.1111111111111111,
      0.0,
      0.4,
      0.0,
      0.0,
      0.0,
      0.0,
      0.0,
      0.0,
      0.0,
      0.0,
      0.0,
      0.3333333333333333,
      0.3,
      0.875,
      0.07692307692307693,
      0.0,
      0.0,
      0.0,
      0.2857142857142857,
      0.2222222222222222,
      0.0,
      0.0,
      0.0,
      1.0,
      0.0,
      0.0,
      1.0,
      0.0
    ],
    "recall": [
      0.14285714285714285,
      0.08333333333333333,
      0.3333333333333333,
      0.0,
      0.46153846153846156,
      0.0,
      0.0,
      0.0,
      0.2222222222222222,
      0.1,
      0.625,
      0.0,
      0.0,
      0.0,
      0.14285714285714285,
      0.0,
      0.3076923076923077,
      0.0,
      0.0,
      0.0,
      0.0,
      0.0,
      0.0,
      0.0,
      0.0,
      0.0,
      0.14285714285714285,
      0.23076923076923078,
      0.5,
      0.07692307692307693,
      0.0,
      0.0,
      0.0,
      0.15384615384615385,
      0.3333333333333333,
      0.0,
      0.0,
      0.0,
      0.125,
      0.0,
      0.0,
      0.2,
      0.0
    ],
    "f1": [
      0.15384615384615385,
      0.03571428571428571,
      0.35294117647058826,
      0.0,
      0.5714285714285714,
      0.0,
      0.0,
      0.0,
      0.3076923076923077,
      0.11764705882352941,
      0.5263157894736842,
      0.0,
      0.0,
      0.0,
      0.125,
      0.0,
      0.34782608695652173,
      0.0,
      0.0,
      0.0,
      0.0,
      0.0,
      0.0,
      0.0,
      0.0,
      0.0,
      0.2,
      0.2608695652173913,
      0.6363636363636364,
      0.07692307692307693,
      0.0,
      0.0,
      0.0,
      0.2,
      0.26666666666666666,
      0.0,
      0.0,
      0.0,
      0.2222222222222222,
      0.0,
      0.0,
      0.3333333333333333,
      0.0
    ],
    "support": [
      7,
      12,
      9,
      3,
      13,
      5,
      2,
      4,
      9,
      10,
      8,
      7,
      3,
      11,
      7,
      6,
      13,
      3,
      8,
      5,
      5,
      8,
      7,
      5,
      5,
      7,
      7,
      13,
      14,
      13,
      7,
      10,
      5,
      13,
      6,
      5,
      5,
      2,
      8,
      9,
      5,
      10,
      3
    ]
  },
  "n_samples": 317,
  "n_classes": 43
}