{
  "area": "Arkansas",
  "accuracy": 0.15,
  "kappa": 0.11798277472242391,
  "f1_macro": 0.16221001221001222,
  "f1_weighted": 0.17179365079365078,
  "per_class": {
    "class": [
      "1",
      "2",
      "3",
      "4",
      "5",
      "24",
      "26",
      "37",
      "46",
      "61",
      "74",
      "92",
      "111",
      "121",
      "122",
      "123",
      "124",
      "131",
      "141",
      "142",
      "143",
      "152",
      "176",
      "190",
      "195",
      "240"
    ],
    "precision": [
      1.0,
      0.5,
      0.0,
      0.2,
      0.5,
      0.0,
      1.0,
      0.0,
      0.0,
      0.0,
      0.0,
      0.0,
      0.8571428571428571,
      0.25,
      0.3333333333333333,
      1.0,
      0.5,
      0.0,
      0.0,
      0.0,
      0.0,
      0.0,
      0.0,
      0.0,
      0.0,
      0.0
    ],
    "recall": [
      0.25,
      1.0,
      0.0,
      0.25,
      0.5,
      0.0,
      0.3333333333333333,
      0.0,
      0.0,
      0.0,
      0.0,
      0.0,
      0.8571428571428571,
      0.125,
      0.25,
      0.16666666666666666,
      0.25,
      0.0,
      0.0,
      0.0,
      0.0,
      0.0,
      0.0,
      0.0,
      0.0,
      0.0
    ],
    "f1": [
      0.4,
      0.6666666666666666,
      0.0,
      0.2222222222222222,
      0.5,
      0.0,
      0.5,
      0.0,
      0.0,
      0.0,
      0.0,
      0.0,
      0.8571428571428571,
      0.16666666666666666,
      0.2857142857142857,
      0.2857142857142857,
      0.3333333333333333,
      0.0,
      0.0,
      0.0,
      0.0,
      0.0,
      0.0,
      0.0,
      0.0,
      0.0
    ],
    "support": [
      4,
      1,
      2,
      4,
      2,
      2,
      3,
      1,
      5,
      5,
      6,
      3,
      7,
      8,
      4,
      6,
      4,
      1,
      4,
      3,
      4,
      2,
      3,
      11,
      3,
      2
    ]
  },
  "n_samples": 100,
  "n_classes": 26
}